{"cameraMode":{"drawMode":0,"name":"Shaded","section":"Shading Mode"},"sceneLighting":true,"audioPlay":false,"sceneViewState":{"m_AlwaysRefresh":false,"showFog":true,"showSkybox":true,"showFlares":true,"showImageEffects":true,"showParticleSystems":true,"showVisualEffectGraphs":true,"m_FxEnabled":true},"in2DMode":false,"pivot":{"x":-0.7283012866973877,"y":3.0560035705566408,"z":-0.013445881195366383},"rotation":{"x":0.004799742251634598,"y":-0.009599308483302594,"z":0.00007034453301457688,"w":0.9999901056289673},"size":11.094198226928711,"orthographic":true}